CREATE DATABASE  IF NOT EXISTS `trash` /*!40100 DEFAULT CHARACTER SET utf8 */;
USE `trash`;
-- MySQL dump 10.13  Distrib 5.7.12, for Win64 (x86_64)
--
-- Host: 127.0.0.1    Database: trash
-- ------------------------------------------------------
-- Server version	5.7.17-log

/*!40101 SET @OLD_CHARACTER_SET_CLIENT=@@CHARACTER_SET_CLIENT */;
/*!40101 SET @OLD_CHARACTER_SET_RESULTS=@@CHARACTER_SET_RESULTS */;
/*!40101 SET @OLD_COLLATION_CONNECTION=@@COLLATION_CONNECTION */;
/*!40101 SET NAMES utf8 */;
/*!40103 SET @OLD_TIME_ZONE=@@TIME_ZONE */;
/*!40103 SET TIME_ZONE='+00:00' */;
/*!40014 SET @OLD_UNIQUE_CHECKS=@@UNIQUE_CHECKS, UNIQUE_CHECKS=0 */;
/*!40014 SET @OLD_FOREIGN_KEY_CHECKS=@@FOREIGN_KEY_CHECKS, FOREIGN_KEY_CHECKS=0 */;
/*!40101 SET @OLD_SQL_MODE=@@SQL_MODE, SQL_MODE='NO_AUTO_VALUE_ON_ZERO' */;
/*!40111 SET @OLD_SQL_NOTES=@@SQL_NOTES, SQL_NOTES=0 */;

--
-- Table structure for table `bin`
--

DROP TABLE IF EXISTS `bin`;
/*!40101 SET @saved_cs_client     = @@character_set_client */;
/*!40101 SET character_set_client = utf8 */;
CREATE TABLE `bin` (
  `bin_id` int(11) NOT NULL,
  `name` varchar(45) NOT NULL,
  `height` double NOT NULL,
  `location_id` int(11) NOT NULL,
  PRIMARY KEY (`bin_id`)
) ENGINE=InnoDB DEFAULT CHARSET=utf8;
/*!40101 SET character_set_client = @saved_cs_client */;

--
-- Dumping data for table `bin`
--

LOCK TABLES `bin` WRITE;
/*!40000 ALTER TABLE `bin` DISABLE KEYS */;
INSERT INTO `bin` VALUES (1,'Buckeye',30.48,1),(2,'Persimmon',30.48,1),(3,'Cedar',30.48,2),(4,'Cassava',30.48,2),(5,'Wilfer',30.48,3);
/*!40000 ALTER TABLE `bin` ENABLE KEYS */;
UNLOCK TABLES;

--
-- Table structure for table `employee`
--

DROP TABLE IF EXISTS `employee`;
/*!40101 SET @saved_cs_client     = @@character_set_client */;
/*!40101 SET character_set_client = utf8 */;
CREATE TABLE `employee` (
  `employee_id` varchar(8) NOT NULL,
  `first_name` varchar(45) NOT NULL,
  `last_name` varchar(45) NOT NULL,
  `occupation` varchar(45) NOT NULL,
  PRIMARY KEY (`employee_id`)
) ENGINE=InnoDB DEFAULT CHARSET=utf8;
/*!40101 SET character_set_client = @saved_cs_client */;

--
-- Dumping data for table `employee`
--

LOCK TABLES `employee` WRITE;
/*!40000 ALTER TABLE `employee` DISABLE KEYS */;
INSERT INTO `employee` VALUES ('1','Wil','Smith','janitor'),('2','James','Bond','janitor'),('3','Angelica','Jolie','janitor'),('4','Stephen','Curry','janitor'),('5','Terry','Crews','janitor');
/*!40000 ALTER TABLE `employee` ENABLE KEYS */;
UNLOCK TABLES;

--
-- Table structure for table `employee_activity`
--

DROP TABLE IF EXISTS `employee_activity`;
/*!40101 SET @saved_cs_client     = @@character_set_client */;
/*!40101 SET character_set_client = utf8 */;
CREATE TABLE `employee_activity` (
  `employee_id` varchar(8) NOT NULL,
  `bin_id` int(11) NOT NULL,
  `activity_timestamp` datetime NOT NULL
) ENGINE=InnoDB DEFAULT CHARSET=utf8;
/*!40101 SET character_set_client = @saved_cs_client */;

--
-- Dumping data for table `employee_activity`
--

LOCK TABLES `employee_activity` WRITE;
/*!40000 ALTER TABLE `employee_activity` DISABLE KEYS */;
INSERT INTO `employee_activity` VALUES ('1',1,'2018-03-23 11:26:32'),('2',2,'2018-04-06 11:26:32'),('3',1,'2018-03-28 12:33:01'),('4',4,'2018-03-27 09:38:56'),('5',5,'2018-04-02 14:07:42');
/*!40000 ALTER TABLE `employee_activity` ENABLE KEYS */;
UNLOCK TABLES;

--
-- Temporary view structure for view `hours`
--

DROP TABLE IF EXISTS `hours`;
/*!50001 DROP VIEW IF EXISTS `hours`*/;
SET @saved_cs_client     = @@character_set_client;
SET character_set_client = utf8;
/*!50001 CREATE VIEW `hours` AS SELECT 
 1 AS `d`,
 1 AS `h`,
 1 AS `c`*/;
SET character_set_client = @saved_cs_client;

--
-- Table structure for table `location`
--

DROP TABLE IF EXISTS `location`;
/*!40101 SET @saved_cs_client     = @@character_set_client */;
/*!40101 SET character_set_client = utf8 */;
CREATE TABLE `location` (
  `location_id` int(11) NOT NULL,
  `address` varchar(45) NOT NULL,
  `city` varchar(45) NOT NULL,
  `state` varchar(45) NOT NULL,
  PRIMARY KEY (`location_id`)
) ENGINE=InnoDB DEFAULT CHARSET=utf8;
/*!40101 SET character_set_client = @saved_cs_client */;

--
-- Dumping data for table `location`
--

LOCK TABLES `location` WRITE;
/*!40000 ALTER TABLE `location` DISABLE KEYS */;
INSERT INTO `location` VALUES (1,'Gokongwei Hall, De La Salle University','Malate','Manila'),(2,'Velasco Hall, De La Salle University','Malate','Manila'),(3,'Andrew Hall, De La Salle University','Malate','Manila');
/*!40000 ALTER TABLE `location` ENABLE KEYS */;
UNLOCK TABLES;

--
-- Table structure for table `sensor_data`
--

DROP TABLE IF EXISTS `sensor_data`;
/*!40101 SET @saved_cs_client     = @@character_set_client */;
/*!40101 SET character_set_client = utf8 */;
CREATE TABLE `sensor_data` (
  `data_id` int(11) NOT NULL AUTO_INCREMENT,
  `waste_height` double NOT NULL,
  `temperature` double NOT NULL,
  `humidity` double NOT NULL,
  `is_open` int(1) DEFAULT NULL,
  `bin_id` int(11) NOT NULL,
  `data_timestamp` datetime NOT NULL,
  PRIMARY KEY (`data_id`)
) ENGINE=InnoDB AUTO_INCREMENT=1002 DEFAULT CHARSET=utf8;
/*!40101 SET character_set_client = @saved_cs_client */;

--
-- Dumping data for table `sensor_data`
--

LOCK TABLES `sensor_data` WRITE;
/*!40000 ALTER TABLE `sensor_data` DISABLE KEYS */;
INSERT INTO `sensor_data` VALUES (1,9.43,16.36,28.9,0,1,'2018-03-29 15:52:45'),(2,11.2,39.02,19.68,1,2,'2018-03-18 12:54:12'),(3,4.1,37.33,37.42,0,3,'2018-03-21 04:55:47'),(4,18.66,19.11,38.45,1,5,'2018-03-18 10:43:11'),(5,27.1,32.72,22.44,0,4,'2018-03-30 12:58:03'),(6,10.58,22.71,27.96,1,2,'2018-03-28 15:07:47'),(7,21.49,29.44,23.21,0,1,'2018-03-24 22:10:01'),(8,13.34,23.57,19.02,1,1,'2018-03-16 02:08:04'),(9,9.18,29.41,30.97,0,2,'2018-03-16 18:56:48'),(10,7.84,33.02,17.39,0,5,'2018-03-18 20:10:07'),(11,17.95,27.45,17.25,1,5,'2018-03-26 15:23:40'),(12,15.04,30.93,29.18,1,5,'2018-04-02 14:28:10'),(13,18.65,34.87,35.8,0,1,'2018-03-25 06:08:35'),(14,17.67,30.85,16.62,0,3,'2018-04-01 01:51:32'),(15,23.38,26.23,18.19,1,4,'2018-03-18 21:41:17'),(16,26.18,17.54,22.05,1,2,'2018-03-30 06:46:22'),(17,11.13,24.34,30.58,1,2,'2018-03-21 22:12:36'),(18,22.62,28.4,17.94,1,5,'2018-03-15 14:50:34'),(19,9.92,26.33,31.84,1,2,'2018-03-17 21:35:02'),(20,25.15,34.94,20.48,1,3,'2018-03-20 06:56:55'),(21,20.22,28.89,33.12,1,1,'2018-03-16 01:08:42'),(22,10.56,35.99,20.14,1,2,'2018-03-15 01:34:18'),(23,26.49,22.99,39.47,1,2,'2018-03-18 11:03:04'),(24,3.82,17.49,21.94,0,1,'2018-03-20 00:15:02'),(25,14.1,27.65,28.68,1,3,'2018-03-15 19:32:53'),(26,11.79,20.52,33.58,1,3,'2018-03-17 01:33:04'),(27,8.8,26.89,22.04,1,1,'2018-03-16 01:31:50'),(28,7.39,28.02,29.41,0,1,'2018-03-28 20:08:31'),(29,11.1,34.95,36.19,0,1,'2018-03-26 17:40:10'),(30,18.01,19.69,23.81,0,3,'2018-03-25 02:54:41'),(31,18.85,25.45,39.49,0,3,'2018-03-31 21:19:02'),(32,23.28,32.94,38.08,0,2,'2018-03-30 13:09:39'),(33,25.67,21.71,30.75,0,5,'2018-03-27 03:13:30'),(34,20.52,17.69,39.39,0,1,'2018-03-31 12:14:49'),(35,3.22,29.03,25.27,0,2,'2018-03-27 19:01:31'),(36,4.14,18.24,23.53,0,1,'2018-03-24 14:59:07'),(37,21.31,23.86,30.97,0,2,'2018-03-15 16:11:37'),(38,12.87,18.81,33.53,0,3,'2018-03-26 21:30:24'),(39,8.12,17.71,25.41,1,4,'2018-03-16 10:41:38'),(40,20.02,19.15,22.13,1,2,'2018-03-20 00:55:01'),(41,21.7,23.85,16.77,1,1,'2018-03-22 14:35:35'),(42,22.02,26.61,23.34,0,3,'2018-03-30 07:57:01'),(43,16.32,19.07,28.74,1,1,'2018-03-22 23:08:18'),(44,26.83,36.52,23.57,1,2,'2018-04-02 05:22:24'),(45,0.49,23.76,18.93,0,5,'2018-03-27 17:06:15'),(46,18.61,30.15,26.46,1,3,'2018-03-20 20:01:10'),(47,28.5,37.67,37.87,1,5,'2018-03-31 06:47:08'),(48,14.54,21,38.26,1,1,'2018-03-17 17:18:38'),(49,30.44,19.9,16.83,0,3,'2018-03-16 09:34:26'),(50,14.62,17.99,34.52,1,4,'2018-04-01 10:14:35'),(51,9.42,38.32,26.79,1,1,'2018-03-29 17:29:21'),(52,2.02,35.95,27.44,1,3,'2018-03-24 15:09:34'),(53,24.3,19.95,31.34,1,4,'2018-03-15 10:20:10'),(54,25.46,18.74,35.91,1,2,'2018-03-26 08:12:51'),(55,17.12,16.36,27.64,0,5,'2018-03-21 02:12:14'),(56,11.33,25.34,24.19,0,3,'2018-03-17 22:13:35'),(57,17.21,27.71,18.83,1,3,'2018-03-21 13:03:16'),(58,23.4,38.97,23.81,1,4,'2018-03-17 03:41:47'),(59,9.32,18.05,23.51,1,5,'2018-03-30 18:36:44'),(60,20.33,36.43,31.07,1,3,'2018-03-26 13:32:00'),(61,14.66,19.77,21.97,1,2,'2018-03-21 20:33:04'),(62,13.83,33.03,16.42,1,2,'2018-03-19 11:21:26'),(63,19.06,38.17,17.32,1,1,'2018-03-15 01:46:45'),(64,0.07,38.36,19.13,0,1,'2018-03-20 09:31:13'),(65,15.04,23.73,26.92,1,3,'2018-03-28 14:12:41'),(66,28.38,19.19,39.83,0,1,'2018-03-16 13:47:08'),(67,5.1,27.49,33.73,1,5,'2018-03-29 13:45:52'),(68,2.74,18.56,24.88,1,1,'2018-03-21 10:21:31'),(69,19.73,34.98,39.02,1,3,'2018-03-30 10:00:32'),(70,13.13,34.85,21.7,1,3,'2018-03-23 13:55:22'),(71,25.14,34.46,17.83,0,3,'2018-03-22 05:35:49'),(72,7.99,30.86,27.11,0,3,'2018-03-27 06:36:51'),(73,22.14,36.82,18.54,1,3,'2018-03-28 04:03:08'),(74,15.45,19.19,35.77,1,4,'2018-03-18 14:58:43'),(75,24.78,27.45,24.51,0,4,'2018-03-19 20:33:44'),(76,0.35,27.22,17.24,0,2,'2018-03-22 03:19:18'),(77,6.05,38.14,19.14,0,1,'2018-03-22 07:42:13'),(78,9.57,17.29,30.17,1,3,'2018-03-22 13:55:12'),(79,25.44,27.92,37.59,1,1,'2018-03-17 07:20:53'),(80,11.95,23.95,17.36,0,4,'2018-03-19 10:57:40'),(81,13.11,31.3,20.84,0,4,'2018-03-27 18:17:50'),(82,18.57,24.94,35.7,0,2,'2018-03-19 21:20:14'),(83,19.6,22.42,17.33,0,4,'2018-03-27 03:14:32'),(84,3.65,30.02,39.3,1,3,'2018-03-15 03:08:35'),(85,15.66,19.92,16.93,1,4,'2018-03-20 09:32:56'),(86,5.53,38,22.52,1,5,'2018-03-19 18:59:53'),(87,22.81,16.35,31.42,0,3,'2018-03-15 18:39:46'),(88,16.44,31.33,19.85,1,2,'2018-03-26 03:53:42'),(89,26.2,38.59,31.66,0,5,'2018-03-21 12:51:38'),(90,26.87,20.51,16.87,1,1,'2018-03-30 12:20:49'),(91,0.44,37.77,16.73,0,2,'2018-03-18 13:52:55'),(92,0.99,23.34,25.9,1,1,'2018-03-25 07:27:01'),(93,11.82,33.52,23.32,0,3,'2018-03-15 16:15:27'),(94,0.01,22.76,16.47,0,5,'2018-03-22 02:21:09'),(95,21.12,18.34,35.84,0,3,'2018-03-26 06:41:12'),(96,27.18,21.61,23.29,1,1,'2018-03-30 08:12:51'),(97,2.16,31.03,26.5,0,2,'2018-03-16 16:22:15'),(98,18.61,34.04,21.88,1,3,'2018-03-27 15:55:11'),(99,20.5,20.88,35.37,0,3,'2018-03-23 21:18:50'),(100,8.61,39.26,21.71,0,4,'2018-03-31 02:34:44'),(101,0.64,34.33,31.87,1,2,'2018-04-01 03:06:32'),(102,6.02,25.55,38.02,0,4,'2018-03-22 06:54:36'),(103,22.9,27.13,28.4,1,2,'2018-03-31 03:20:17'),(104,11.04,28,26.43,1,5,'2018-03-16 08:31:35'),(105,13.29,17.41,30.43,0,5,'2018-03-22 13:26:45'),(106,20.22,31.71,18.15,0,4,'2018-03-15 21:00:02'),(107,1.69,20.12,22.2,0,3,'2018-03-30 03:07:35'),(108,24.78,27.74,30.94,1,4,'2018-03-24 07:59:42'),(109,8.25,38.37,31.93,1,1,'2018-03-30 06:14:04'),(110,6.75,34.86,32.27,1,2,'2018-03-17 08:50:07'),(111,4.34,24.33,23.52,0,3,'2018-03-21 03:30:02'),(112,29.44,31.75,26.35,1,2,'2018-03-30 14:40:33'),(113,14.06,20.69,18.25,0,2,'2018-03-29 22:34:08'),(114,27.66,29.12,19.32,0,3,'2018-04-01 09:59:59'),(115,21.33,22.9,22.02,0,3,'2018-03-31 07:50:35'),(116,19.89,19.68,26.38,1,2,'2018-03-28 03:46:15'),(117,5.09,23.25,32.01,1,2,'2018-03-18 09:57:24'),(118,15.05,34.35,16.09,0,4,'2018-03-30 05:43:59'),(119,29.35,24.32,29.21,1,3,'2018-04-02 20:43:48'),(120,14.13,24.18,30.79,1,3,'2018-03-18 03:03:42'),(121,24.73,29.71,22.57,1,4,'2018-03-24 04:30:23'),(122,5.88,18.42,29.51,0,3,'2018-03-18 15:42:36'),(123,26.37,30.96,34.3,1,2,'2018-03-18 17:55:20'),(124,18.14,32,35.08,1,1,'2018-03-28 05:48:51'),(125,11.34,25.73,36.62,1,3,'2018-03-18 14:59:13'),(126,6.22,17.95,18.22,0,1,'2018-03-31 03:47:02'),(127,17.05,25.55,17.7,0,3,'2018-03-18 07:31:15'),(128,4.06,30.44,19.86,0,1,'2018-03-29 08:31:20'),(129,13.89,31.59,35.22,1,4,'2018-03-15 16:03:35'),(130,4.74,29.79,38.3,0,3,'2018-03-23 16:19:29'),(131,27.89,33.55,39.11,1,3,'2018-03-15 20:10:28'),(132,20.09,32.21,19.77,0,3,'2018-03-17 10:09:13'),(133,21.38,16.17,16.44,0,5,'2018-03-23 09:38:14'),(134,14,34.27,17.41,0,4,'2018-03-18 15:27:48'),(135,17.56,33.79,32.7,0,3,'2018-04-02 23:59:40'),(136,3.1,37.91,24.9,1,3,'2018-03-30 07:41:35'),(137,9.82,33,37.25,1,4,'2018-03-29 12:46:10'),(138,18.33,38.37,34.64,0,3,'2018-03-31 20:21:29'),(139,30.1,39.53,22.88,1,3,'2018-03-30 06:24:43'),(140,6.83,30.26,29.44,1,2,'2018-03-20 20:36:28'),(141,24.88,30.23,26.1,1,2,'2018-03-23 17:51:02'),(142,11.04,25.41,22.44,1,4,'2018-03-21 00:25:06'),(143,13.62,26.57,29.08,1,3,'2018-03-25 00:15:12'),(144,29.71,22.44,22.38,0,3,'2018-03-28 04:42:19'),(145,1.63,19.43,21.4,1,4,'2018-03-31 15:54:16'),(146,17.55,26.1,29.28,1,4,'2018-03-22 08:56:49'),(147,19.67,26.66,35.59,0,2,'2018-03-19 17:13:43'),(148,30.41,32.96,24.59,0,5,'2018-03-17 08:13:42'),(149,4.96,17.53,17.4,0,1,'2018-03-23 22:32:51'),(150,6.49,18.15,19.89,0,3,'2018-03-15 17:02:56'),(151,10.35,31.33,28.05,1,5,'2018-03-17 23:29:09'),(152,13.7,37.82,23.4,0,4,'2018-03-16 23:19:25'),(153,23.8,25.25,27.32,1,1,'2018-03-25 02:31:11'),(154,5.13,20.47,27.8,1,5,'2018-03-19 07:07:02'),(155,15.28,33.29,18.22,0,3,'2018-03-24 18:08:25'),(156,1.86,30.5,26.1,0,4,'2018-03-31 12:33:31'),(157,15.3,33.39,36.75,1,1,'2018-03-15 20:53:32'),(158,11.98,23.73,33.58,0,1,'2018-03-16 06:21:57'),(159,20.96,19.24,22.18,0,2,'2018-04-01 02:04:13'),(160,8.25,21.84,35.22,1,4,'2018-03-27 15:23:28'),(161,10.9,39.87,16.21,1,5,'2018-03-24 21:46:00'),(162,2.06,20.8,27.66,1,1,'2018-03-27 14:42:05'),(163,20.68,16.32,27.3,1,1,'2018-03-30 19:04:16'),(164,15.09,16.61,39.88,1,3,'2018-03-26 19:40:03'),(165,7.88,17.87,34.78,0,2,'2018-03-31 11:04:33'),(166,23.99,24.65,29.97,1,2,'2018-03-18 22:01:28'),(167,25.8,19.56,33.85,0,2,'2018-03-16 03:58:12'),(168,9.98,29.09,23.61,1,1,'2018-03-19 18:48:07'),(169,3.13,19.84,39.19,1,2,'2018-03-29 18:23:33'),(170,12.58,39.65,34.06,0,5,'2018-03-23 21:44:52'),(171,7.35,19.4,32.23,0,3,'2018-03-21 00:27:45'),(172,14.28,19.31,33.15,0,2,'2018-03-15 10:40:27'),(173,2.86,28.43,26.21,0,4,'2018-03-31 11:50:40'),(174,9.61,24.2,36.66,0,4,'2018-03-19 02:57:37'),(175,11.8,19.47,23.02,1,2,'2018-03-27 16:31:27'),(176,10.51,35.78,38.84,1,3,'2018-03-30 22:42:13'),(177,21.31,21.28,18.67,1,5,'2018-03-25 09:22:57'),(178,0.47,36.39,36.94,0,2,'2018-03-25 15:44:01'),(179,1.47,30.74,32.89,1,1,'2018-03-16 11:48:45'),(180,2.71,38.22,39.14,0,4,'2018-03-19 05:11:01'),(181,29.58,26.55,18.98,1,4,'2018-03-28 16:50:02'),(182,28.07,17.06,17.19,1,3,'2018-03-16 02:08:12'),(183,20.49,38.67,20.61,1,1,'2018-03-26 00:43:34'),(184,10.05,37.59,22.92,0,1,'2018-04-02 23:46:12'),(185,27.66,32.42,23.96,1,2,'2018-03-30 17:34:44'),(186,13.49,17.62,24.15,0,1,'2018-03-19 03:21:07'),(187,7.7,24.77,23.03,0,5,'2018-03-26 00:11:57'),(188,14.53,16.12,37.96,1,4,'2018-04-01 03:38:47'),(189,20.11,26.39,33.16,1,3,'2018-03-30 10:18:57'),(190,8.89,21.13,29.18,1,1,'2018-04-01 04:08:56'),(191,25.59,16.28,29.12,0,3,'2018-04-01 10:09:05'),(192,0.33,30.53,30.77,1,2,'2018-03-16 03:12:05'),(193,23.91,36.65,38.87,0,4,'2018-03-31 18:54:46'),(194,2.53,31.17,28.46,1,2,'2018-03-21 07:19:31'),(195,22.08,34.46,38.91,1,5,'2018-03-30 12:02:25'),(196,12.95,38.41,16.79,1,2,'2018-03-16 17:10:35'),(197,13.61,20.14,23.99,0,1,'2018-03-15 10:46:44'),(198,29.68,22.92,31.22,1,1,'2018-03-24 20:29:45'),(199,15.75,28.02,18.36,0,5,'2018-03-31 12:55:50'),(200,19.5,39.8,30.21,1,5,'2018-03-28 21:03:28'),(201,29.55,16.33,23.12,1,4,'2018-03-29 13:57:55'),(202,4.81,34.51,39.87,0,2,'2018-03-28 12:51:12'),(203,17.56,38.48,20.29,0,2,'2018-03-18 02:09:42'),(204,13,28.79,35.77,0,5,'2018-03-19 11:53:53'),(205,13.23,31.81,29.11,0,5,'2018-03-15 15:12:32'),(206,18.62,34.38,23.55,0,3,'2018-04-01 22:21:55'),(207,14.42,31.98,18.1,0,4,'2018-03-27 02:02:05'),(208,13.68,33.8,27.05,1,5,'2018-03-28 16:51:01'),(209,16.27,37.29,32.6,0,4,'2018-03-20 16:32:58'),(210,14.12,28.08,20.51,1,1,'2018-03-28 20:27:24'),(211,6.83,20.6,30.01,0,3,'2018-03-24 02:36:47'),(212,19.47,21.67,17.22,1,2,'2018-03-25 23:49:09'),(213,12.56,37.43,33.24,0,1,'2018-03-15 03:29:31'),(214,15.35,34.04,33.12,1,2,'2018-03-17 13:02:06'),(215,14.63,26.05,27.21,0,4,'2018-03-22 00:52:33'),(216,7.21,38.59,25.27,0,3,'2018-03-31 12:26:25'),(217,2.05,26.59,33.78,0,2,'2018-03-24 23:20:26'),(218,14.24,27.52,24.59,0,5,'2018-04-02 12:27:16'),(219,6.17,31.12,33.63,1,2,'2018-03-26 18:21:31'),(220,17.34,34.78,38.9,1,2,'2018-03-17 12:01:03'),(221,13.43,38.78,20.89,0,1,'2018-04-02 14:29:33'),(222,11.54,27.99,16.73,0,1,'2018-03-26 16:22:51'),(223,12.61,18.28,30.22,0,3,'2018-03-22 20:25:42'),(224,7.07,28.77,19.55,0,1,'2018-03-17 20:12:10'),(225,21.7,38.56,33.85,1,3,'2018-03-17 12:12:04'),(226,24.14,39.85,23.53,1,4,'2018-03-15 21:08:54'),(227,8.64,32.76,32.46,0,5,'2018-03-16 11:07:24'),(228,14.98,32.86,25.04,0,5,'2018-03-21 22:55:58'),(229,16.42,24.15,27.74,0,2,'2018-03-26 19:51:33'),(230,15.78,29.04,30.32,1,3,'2018-04-01 07:16:03'),(231,9.87,21.1,36.38,0,5,'2018-03-31 00:41:05'),(232,19.91,18.84,24.69,1,3,'2018-03-16 05:00:20'),(233,16.89,16.98,18.38,1,2,'2018-03-23 12:21:26'),(234,16.61,27.77,28.72,1,3,'2018-04-01 09:52:25'),(235,14.88,40,39.06,1,2,'2018-03-28 09:57:49'),(236,9.2,28.65,27.51,0,2,'2018-03-31 14:06:11'),(237,19.34,31.13,26.17,0,2,'2018-03-29 18:19:52'),(238,26.54,24.72,33.81,1,3,'2018-03-16 21:47:05'),(239,3.6,31.35,31.02,1,5,'2018-03-26 18:31:13'),(240,15.16,34.03,22.02,0,5,'2018-03-26 00:02:26'),(241,28.44,39.11,16.26,0,1,'2018-04-02 04:23:44'),(242,9.63,39.71,23.33,0,3,'2018-03-15 17:47:45'),(243,12.1,25.73,33.95,1,2,'2018-03-24 16:50:55'),(244,6.12,24.26,19.37,0,2,'2018-03-20 09:48:14'),(245,30.05,25.06,26.22,1,5,'2018-03-20 15:58:51'),(246,19.99,35.51,30.32,1,5,'2018-03-19 13:29:52'),(247,0.9,28.59,34.26,1,4,'2018-03-29 16:55:34'),(248,26.99,26.59,29.81,1,4,'2018-03-20 11:32:29'),(249,9.11,32.48,18.8,0,5,'2018-03-18 22:40:31'),(250,11.58,26.12,38.44,1,3,'2018-03-18 03:47:09'),(251,3.43,18.92,23.62,0,4,'2018-03-23 23:03:02'),(252,0.89,22.04,23.06,1,1,'2018-03-17 18:20:05'),(253,9.32,39.71,27.92,0,3,'2018-03-24 18:13:22'),(254,11.66,27.97,31.02,0,1,'2018-03-24 22:53:13'),(255,5.48,28.95,29.36,1,5,'2018-03-28 19:40:48'),(256,16.89,26.07,16.55,1,2,'2018-03-17 02:17:50'),(257,18.87,20.02,28.06,1,1,'2018-03-23 14:32:46'),(258,5.5,34.52,23.86,1,3,'2018-03-18 07:54:58'),(259,15.65,29.69,20.59,1,1,'2018-03-29 09:00:34'),(260,7.82,32.35,36.48,0,4,'2018-03-30 16:05:22'),(261,8.23,27.41,33.98,1,3,'2018-03-16 04:19:35'),(262,1.06,22.77,22.85,1,1,'2018-03-30 11:15:47'),(263,21.16,36.59,23.09,0,3,'2018-03-22 17:56:39'),(264,12.45,20.84,29.83,1,3,'2018-03-26 19:04:29'),(265,5.48,26.02,23.58,1,2,'2018-03-16 11:03:09'),(266,7.89,35.92,37.57,1,2,'2018-03-17 01:08:22'),(267,8.55,29.84,26.13,0,3,'2018-04-02 15:44:05'),(268,5.86,29,31.73,0,1,'2018-03-27 13:07:04'),(269,14.13,34.86,19.22,0,4,'2018-03-15 05:54:54'),(270,2.63,24.68,33.46,0,3,'2018-03-20 07:18:30'),(271,24.73,31.17,26.65,1,5,'2018-03-23 01:01:32'),(272,12.03,38.35,26.93,1,2,'2018-03-21 11:35:22'),(273,5.88,31.89,33.48,0,3,'2018-03-23 20:38:16'),(274,25.14,35.32,35.92,0,2,'2018-03-31 23:05:49'),(275,16.72,39,32.61,1,3,'2018-03-28 12:17:33'),(276,4.3,39.76,36.13,1,1,'2018-03-19 17:46:03'),(277,8.54,33.76,18.6,1,3,'2018-03-30 02:01:27'),(278,30.43,30.57,27.53,1,3,'2018-03-27 18:11:50'),(279,22.74,38.54,23.04,0,2,'2018-03-26 23:55:04'),(280,23.62,37.62,17.84,1,2,'2018-03-15 14:32:27'),(281,5.37,35.25,35.48,1,3,'2018-03-30 06:12:07'),(282,28.44,32.63,16.55,1,5,'2018-03-16 06:18:08'),(283,6.78,34.3,30.5,1,1,'2018-03-19 06:07:08'),(284,12.48,31.14,19.13,1,4,'2018-03-29 11:07:33'),(285,26.13,29.55,33.67,0,2,'2018-03-22 09:44:52'),(286,14.93,18.69,27.98,1,4,'2018-03-31 08:53:10'),(287,8.12,32.5,26.61,0,3,'2018-03-23 16:51:39'),(288,29.23,29.67,30.36,1,2,'2018-03-25 16:26:34'),(289,28.22,20.45,29.53,1,2,'2018-03-15 06:57:46'),(290,16.19,27.96,38.17,0,3,'2018-03-19 04:55:56'),(291,21.87,29.97,29.53,0,1,'2018-03-18 04:26:39'),(292,13.99,34.55,28.15,1,2,'2018-03-24 01:01:52'),(293,15.62,22.5,37.31,0,2,'2018-03-19 12:13:03'),(294,22.92,16.65,18.13,0,5,'2018-03-18 03:58:56'),(295,17.25,31.6,20.41,1,3,'2018-03-20 10:32:33'),(296,16.49,19.21,36.56,0,3,'2018-03-26 15:48:59'),(297,16.37,26.54,28.8,0,2,'2018-03-19 04:27:08'),(298,4.18,17.95,32.35,0,4,'2018-03-30 13:18:47'),(299,26.48,18.63,17.7,0,2,'2018-03-18 21:29:14'),(300,17.03,27.03,16.91,0,1,'2018-03-16 21:06:04'),(301,14.15,16.61,26.84,1,3,'2018-03-15 19:59:37'),(302,11.94,30.8,22.55,1,5,'2018-04-01 10:32:07'),(303,8.83,26.79,24.88,0,2,'2018-03-21 23:31:55'),(304,15.82,19.08,26.06,0,2,'2018-04-02 19:51:05'),(305,4.77,36.11,35.88,0,2,'2018-04-01 22:55:41'),(306,2.14,17.83,25.84,1,4,'2018-03-16 14:44:23'),(307,22.81,39.5,28.76,0,5,'2018-03-31 18:58:03'),(308,18.5,22.26,34.44,0,3,'2018-03-21 02:02:41'),(309,14.18,24.24,23.79,1,4,'2018-03-16 02:39:13'),(310,5.99,36.56,32.23,1,1,'2018-03-17 01:51:59'),(311,1.58,32.25,35.67,1,5,'2018-03-29 22:41:02'),(312,5.33,24.17,17.27,1,2,'2018-03-28 07:20:36'),(313,21.5,28.86,31.38,0,5,'2018-03-18 04:02:04'),(314,8.58,32.21,34.67,0,2,'2018-03-29 08:43:13'),(315,9.49,33.21,26.57,1,5,'2018-03-26 10:32:20'),(316,19.93,22.85,28.22,1,5,'2018-04-01 20:37:05'),(317,10.38,26.67,36.27,1,2,'2018-03-30 02:27:29'),(318,12.81,34.48,23.38,1,1,'2018-04-01 12:42:18'),(319,6.4,25.92,35.6,1,4,'2018-03-17 01:23:54'),(320,25.48,36.09,39.82,1,4,'2018-03-23 06:12:06'),(321,28.94,28.96,31.63,0,2,'2018-03-29 17:49:59'),(322,11.44,19.08,29.8,0,2,'2018-03-30 18:16:13'),(323,11.87,28.93,34,1,5,'2018-03-15 17:43:45'),(324,11.66,38.79,34.55,1,1,'2018-03-24 18:14:21'),(325,9.65,33.33,34.9,1,3,'2018-03-28 18:24:28'),(326,25.29,33.6,18.14,1,4,'2018-03-29 16:06:38'),(327,14.46,32.93,24.01,1,1,'2018-04-01 18:35:33'),(328,3.59,22.72,19.23,1,4,'2018-03-25 02:12:42'),(329,12.59,25.53,24.6,1,4,'2018-03-23 12:16:27'),(330,9.49,18.85,16.37,1,2,'2018-03-27 18:34:14'),(331,8.93,23.54,23.89,0,1,'2018-03-27 18:23:08'),(332,7.28,22.84,33.64,0,2,'2018-03-26 03:46:07'),(333,26.37,20.48,22.9,0,1,'2018-03-27 12:49:24'),(334,14.84,36.43,37.62,0,2,'2018-03-28 10:07:42'),(335,11.7,20.82,17.65,1,1,'2018-03-26 21:52:15'),(336,1.25,31.23,34.58,0,1,'2018-04-01 20:35:28'),(337,1.19,23.94,28.63,0,1,'2018-03-19 03:51:29'),(338,10.2,17.77,23,0,2,'2018-03-19 16:01:27'),(339,25.12,24.58,39.74,1,1,'2018-04-02 02:44:35'),(340,24.99,25.78,33.22,0,5,'2018-03-31 15:21:41'),(341,5.75,21.68,34.42,0,1,'2018-03-29 03:32:45'),(342,22.38,21.06,19.06,1,1,'2018-04-01 08:02:59'),(343,27.15,27.43,23.98,1,3,'2018-03-24 17:24:40'),(344,23.06,19.18,22.76,1,5,'2018-04-02 23:41:23'),(345,24.33,32.87,25.95,1,3,'2018-03-25 01:47:26'),(346,3.37,19.7,35.99,1,5,'2018-03-23 20:55:15'),(347,19.39,16.24,33.46,1,5,'2018-03-18 16:21:01'),(348,9.03,28.95,22.95,0,4,'2018-03-16 13:29:11'),(349,22.61,22.36,25.94,0,4,'2018-03-15 23:06:59'),(350,17.52,24.46,23.22,0,5,'2018-03-22 23:25:12'),(351,10.61,38.18,37.05,0,2,'2018-03-27 13:08:41'),(352,26.52,21.15,33.02,0,2,'2018-03-18 14:14:44'),(353,14.47,16.73,17.96,0,1,'2018-04-01 17:36:18'),(354,22.15,29.64,33.26,1,1,'2018-03-28 19:10:17'),(355,21.85,35.65,22.63,1,4,'2018-03-26 10:58:45'),(356,29.08,29.51,16.75,0,1,'2018-03-17 21:18:02'),(357,27.23,30.66,36.7,1,1,'2018-03-16 19:48:05'),(358,22.33,22.5,16.42,0,5,'2018-03-19 16:23:38'),(359,7.65,39.14,25.45,0,1,'2018-03-21 06:14:19'),(360,11.82,22.94,29.24,0,4,'2018-03-24 19:09:07'),(361,3.33,29.96,26.57,0,4,'2018-03-27 23:16:31'),(362,26.74,16.71,28.86,0,5,'2018-03-17 02:45:28'),(363,2.23,23.11,19.85,0,3,'2018-03-15 18:45:09'),(364,25.41,34.98,31.99,0,1,'2018-03-23 22:13:51'),(365,21.9,24.63,26.6,0,4,'2018-03-25 13:45:39'),(366,21.5,39.38,19.5,0,5,'2018-03-16 06:33:55'),(367,10.1,22.39,33.71,0,2,'2018-03-16 12:14:51'),(368,10.81,19.9,16.78,1,3,'2018-03-27 23:29:39'),(369,9.5,19.94,21.99,0,3,'2018-03-24 06:01:19'),(370,16.33,25.75,39.3,0,4,'2018-03-18 06:28:58'),(371,5.76,34.16,29.44,0,2,'2018-03-17 21:50:29'),(372,4.14,21.64,19.47,0,4,'2018-03-16 12:22:29'),(373,5.89,26.58,35.29,1,3,'2018-03-28 06:33:08'),(374,30.05,17.1,27.1,1,4,'2018-03-29 23:25:25'),(375,29.91,31.81,18.08,0,5,'2018-03-19 16:24:21'),(376,21.62,25.33,31.26,1,3,'2018-03-23 09:33:38'),(377,15.42,28.11,30.91,0,3,'2018-03-24 07:16:43'),(378,25.37,37.15,27.51,0,1,'2018-03-18 15:02:16'),(379,8.68,31.05,18.02,1,3,'2018-03-27 05:41:42'),(380,10.8,18.99,38.88,1,3,'2018-03-16 13:38:43'),(381,22.41,17.1,16.72,1,4,'2018-03-21 19:43:11'),(382,16.77,18.76,17.37,1,3,'2018-03-27 08:01:30'),(383,0.4,25.19,17.12,0,4,'2018-03-28 19:02:55'),(384,9.82,38.23,18.14,0,1,'2018-04-02 04:56:58'),(385,21.4,27.52,26.24,0,4,'2018-03-31 09:33:14'),(386,22.96,24.79,32.23,1,5,'2018-04-01 15:11:41'),(387,22.71,35.34,35.35,1,2,'2018-03-28 03:52:11'),(388,21.77,33.5,19.64,1,4,'2018-03-28 19:29:27'),(389,22.03,35.99,38.69,0,3,'2018-04-02 20:51:32'),(390,11.58,23.16,27.72,1,4,'2018-03-29 01:19:08'),(391,7.16,21.29,27.12,0,4,'2018-03-16 19:20:45'),(392,27.7,37.58,22.89,1,1,'2018-03-27 05:36:01'),(393,23.47,38.51,23.48,1,3,'2018-03-25 20:34:11'),(394,13.52,24.7,23.12,0,4,'2018-03-28 13:35:59'),(395,10.91,23.34,17.81,1,1,'2018-03-23 19:41:31'),(396,23.56,36.72,20.79,1,1,'2018-03-25 13:23:25'),(397,3.44,21.3,24.85,1,4,'2018-04-02 15:43:40'),(398,8.87,25.71,38,1,1,'2018-03-29 22:32:29'),(399,3.39,36.34,24.06,1,3,'2018-03-17 22:05:48'),(400,0.65,17.39,35.65,1,4,'2018-03-31 20:07:21'),(401,3.81,33.32,31.09,1,2,'2018-03-31 02:20:22'),(402,8.71,38.08,32.12,1,3,'2018-03-29 22:00:54'),(403,8.59,31.65,38.98,0,4,'2018-03-29 09:10:33'),(404,27.61,21.39,21.78,1,4,'2018-03-29 22:37:29'),(405,1.38,31.01,27.72,1,1,'2018-03-25 07:50:52'),(406,26.75,39.81,19.62,1,2,'2018-03-30 21:05:20'),(407,5.58,16.89,33.07,1,4,'2018-03-28 17:12:44'),(408,21.93,18.97,19.09,0,3,'2018-03-30 07:25:25'),(409,28.26,16.63,36.72,0,3,'2018-03-22 11:49:52'),(410,12.17,27.19,21.7,0,5,'2018-03-22 01:47:14'),(411,18.77,33.35,18.73,1,4,'2018-03-19 12:49:35'),(412,8.95,29.69,32.72,0,5,'2018-03-29 20:48:41'),(413,21.01,24.24,34.85,0,2,'2018-03-31 05:44:48'),(414,18.13,20.63,36.05,1,4,'2018-03-20 13:40:55'),(415,6.87,18.26,19.19,1,4,'2018-03-19 15:11:47'),(416,5.69,33.71,21.65,1,1,'2018-03-22 22:40:00'),(417,17.98,25.28,22.48,0,3,'2018-03-30 05:50:25'),(418,16.72,26.93,37.59,1,3,'2018-03-29 14:15:05'),(419,0.06,25.99,30.46,0,2,'2018-03-27 18:40:50'),(420,23.45,16.98,16.22,0,5,'2018-03-25 04:15:28'),(421,18.22,23.06,17.07,0,1,'2018-03-29 03:17:47'),(422,20.84,21.81,22.46,0,5,'2018-03-29 08:13:51'),(423,9.97,28.01,21.05,0,1,'2018-03-19 01:05:03'),(424,16.24,28.64,37.52,1,3,'2018-04-02 15:23:10'),(425,30.06,37.27,17.39,1,1,'2018-03-29 08:01:38'),(426,22.64,39.56,33.38,1,1,'2018-03-22 17:31:01'),(427,10.82,33.03,39.32,1,1,'2018-03-26 22:01:20'),(428,13.21,16.97,38.73,0,2,'2018-03-24 16:01:35'),(429,22.29,37.29,34.83,0,5,'2018-03-31 17:19:26'),(430,25.57,37.57,36.6,0,2,'2018-03-15 01:04:38'),(431,26.79,26.39,23.61,1,2,'2018-04-02 08:13:45'),(432,8.26,17.11,18.52,0,5,'2018-03-27 23:31:33'),(433,15.01,16.27,31.47,0,4,'2018-03-20 02:22:36'),(434,24.93,16.23,32.18,0,1,'2018-03-21 02:50:10'),(435,6.71,29.18,21.13,0,2,'2018-03-25 13:09:58'),(436,6.48,33.51,21.48,1,5,'2018-03-22 14:58:45'),(437,30.38,36.58,20.37,0,1,'2018-03-30 15:14:49'),(438,2.27,31.93,39.91,1,2,'2018-03-18 19:24:18'),(439,15.72,22.9,35.82,1,3,'2018-03-25 14:53:06'),(440,2.76,23.57,24.24,0,4,'2018-03-15 16:15:31'),(441,29.52,37.65,21.72,0,1,'2018-03-20 06:22:44'),(442,5.65,28.31,34.86,0,3,'2018-03-27 06:16:27'),(443,4.81,31.6,33.35,1,1,'2018-03-22 02:07:22'),(444,15.44,31.07,19.67,1,2,'2018-03-19 11:25:56'),(445,11.95,29.93,35.56,1,1,'2018-03-29 17:03:59'),(446,28.77,24.48,38.62,0,3,'2018-03-29 05:55:21'),(447,29.52,31.51,37.16,0,2,'2018-04-01 18:40:12'),(448,30.13,29.46,22.72,0,2,'2018-03-19 07:16:13'),(449,12.81,18.38,33.16,0,3,'2018-03-31 08:13:20'),(450,26.28,19.35,29.36,1,5,'2018-03-21 22:13:24'),(451,29.03,28.76,22.01,1,5,'2018-03-26 06:02:08'),(452,24.13,16.59,39.02,0,3,'2018-03-25 05:07:43'),(453,9.55,28.95,38.58,0,1,'2018-03-27 11:20:29'),(454,16.06,26.39,26.72,0,1,'2018-03-28 20:49:46'),(455,20.21,19.34,36.58,1,3,'2018-03-30 21:52:41'),(456,25,33.78,36.16,1,5,'2018-03-24 04:09:22'),(457,15.16,21,36.96,0,5,'2018-03-25 13:52:50'),(458,9.07,22.06,34.15,1,5,'2018-03-15 21:56:47'),(459,12.68,34.12,35.4,0,3,'2018-04-01 13:46:15'),(460,0.38,36.66,18.61,1,3,'2018-03-20 09:16:17'),(461,21.79,17.32,29.14,1,4,'2018-03-26 13:14:58'),(462,21.98,35.4,22.26,0,1,'2018-03-28 18:00:37'),(463,29.56,28.37,34.01,0,4,'2018-03-30 08:50:44'),(464,23.32,28.25,29.31,0,1,'2018-03-16 20:36:51'),(465,25.05,36.48,35.08,0,4,'2018-03-22 05:49:58'),(466,21.07,21.54,29.88,0,1,'2018-03-17 04:32:20'),(467,13.68,37.98,25.8,0,2,'2018-03-30 14:52:15'),(468,18.83,21.72,22.88,1,2,'2018-03-20 14:35:01'),(469,5.72,18.17,26.91,0,2,'2018-03-25 00:04:12'),(470,17.84,35.04,31.86,1,3,'2018-03-23 00:19:17'),(471,20.42,18.64,34.41,0,5,'2018-03-29 23:33:38'),(472,17.55,21.85,33.21,1,2,'2018-03-30 00:26:32'),(473,14.72,20.67,39.57,1,2,'2018-03-28 15:24:26'),(474,23.83,36.9,19.37,0,3,'2018-03-26 16:00:08'),(475,28.77,21.9,30.86,0,3,'2018-04-02 10:21:33'),(476,3.92,21.64,37.76,1,4,'2018-03-31 18:14:56'),(477,7.6,35.75,38.08,1,3,'2018-03-16 09:17:49'),(478,2.62,33.11,23.88,0,5,'2018-03-21 19:40:52'),(479,13.03,24.43,19.96,1,3,'2018-03-21 02:59:35'),(480,24.79,38.3,24.83,1,5,'2018-03-28 13:10:50'),(481,16.77,32.4,19.48,0,3,'2018-03-26 23:17:56'),(482,8.22,21.68,24.19,1,3,'2018-03-26 17:18:22'),(483,20.22,39.07,23.7,0,2,'2018-03-17 00:47:23'),(484,8.93,28.59,37.08,0,5,'2018-03-30 09:33:44'),(485,19.25,17.23,32.04,1,3,'2018-03-19 13:04:45'),(486,22.67,24.56,25.11,1,1,'2018-03-21 14:37:48'),(487,11.54,17.14,39.16,0,4,'2018-03-19 01:29:13'),(488,28.91,19.1,30.79,0,2,'2018-03-23 10:38:55'),(489,9.59,33.35,33.3,0,1,'2018-03-31 19:25:51'),(490,23.55,29.2,36.26,0,5,'2018-03-21 11:26:13'),(491,19.94,29.85,25.86,0,4,'2018-03-26 16:54:54'),(492,22.01,27.92,35.45,0,2,'2018-03-21 08:44:22'),(493,17.47,27.37,22.21,1,5,'2018-03-21 00:57:24'),(494,28.66,32.15,34.47,0,5,'2018-03-24 23:44:18'),(495,17.57,36.79,29.64,0,4,'2018-03-27 19:30:20'),(496,27.14,37.33,27.95,0,5,'2018-03-21 11:01:55'),(497,22.51,38.4,24.57,1,4,'2018-03-17 22:36:04'),(498,19.03,32.8,37.1,1,5,'2018-03-27 23:35:54'),(499,21.85,33.47,38.46,0,4,'2018-03-15 00:28:43'),(500,2.93,30.99,29.79,0,1,'2018-04-01 03:30:00'),(501,25.87,30.75,37.15,1,2,'2018-03-27 06:40:17'),(502,28.05,23.02,36.18,0,4,'2018-03-17 20:01:23'),(503,5.5,27.83,26,0,1,'2018-03-22 09:41:00'),(504,17.68,21.86,37.37,1,5,'2018-03-16 10:40:23'),(505,14.82,25.53,20.37,0,1,'2018-03-24 03:39:00'),(506,9.97,20.15,35.6,0,4,'2018-03-31 22:21:43'),(507,7.24,30.86,19.38,0,2,'2018-03-29 02:11:25'),(508,5.05,30.45,18.85,1,1,'2018-04-01 19:12:44'),(509,1.41,22.25,37.91,0,3,'2018-03-28 09:52:40'),(510,21.13,38.12,39.33,0,3,'2018-03-17 04:25:33'),(511,11.99,27.37,24.1,1,4,'2018-03-23 22:52:45'),(512,22.77,21.82,37.45,1,5,'2018-03-30 04:31:05'),(513,29.36,36.22,30.46,0,1,'2018-03-20 07:20:53'),(514,2.28,23.86,33.45,0,1,'2018-03-28 05:15:43'),(515,25.04,34.74,22.39,0,4,'2018-03-17 23:16:35'),(516,12.1,34.32,28.51,0,4,'2018-04-01 15:22:48'),(517,10.89,30.86,36.93,0,4,'2018-03-28 23:08:26'),(518,8.72,16.46,17.99,1,1,'2018-03-29 16:15:30'),(519,6.87,24.51,23.33,1,4,'2018-03-20 16:56:21'),(520,1.42,32.33,29.43,0,5,'2018-03-27 01:21:19'),(521,23.24,26.65,17.98,0,2,'2018-03-31 03:09:39'),(522,23.97,33.01,24.62,1,5,'2018-03-19 22:34:08'),(523,21.54,19.5,32.07,0,5,'2018-03-18 00:18:45'),(524,20.41,35.4,26.2,0,5,'2018-03-26 08:23:56'),(525,23.38,37.56,22.78,1,4,'2018-03-29 10:35:57'),(526,23.63,20.29,33.5,0,4,'2018-03-31 13:50:53'),(527,5.19,28.57,25.69,0,3,'2018-03-31 14:32:12'),(528,0.98,22.64,24.18,1,1,'2018-03-24 14:18:44'),(529,5.26,19.59,29.33,0,1,'2018-03-15 18:29:00'),(530,20.84,18.49,35.13,0,4,'2018-03-21 03:49:22'),(531,17.05,27.61,39.05,1,3,'2018-03-17 02:48:38'),(532,2.29,35.8,31.29,0,4,'2018-03-23 00:52:02'),(533,24.97,31.85,39.11,1,2,'2018-03-20 03:02:21'),(534,6.11,38.39,25.99,0,4,'2018-03-31 02:02:10'),(535,1.71,19.59,21.64,0,4,'2018-03-21 05:52:54'),(536,24.17,39.82,22.98,1,5,'2018-03-22 17:54:32'),(537,17.69,22.12,21.79,1,2,'2018-03-26 04:04:08'),(538,26.17,31.54,19.92,1,3,'2018-03-23 15:58:57'),(539,6.46,21.05,36.49,0,1,'2018-04-02 07:39:20'),(540,3.01,23.38,28.93,0,2,'2018-03-27 00:12:13'),(541,5.95,22.18,16.66,0,1,'2018-03-31 16:13:46'),(542,21.46,35.15,39.32,1,2,'2018-03-24 15:05:08'),(543,2.97,34.72,21.56,0,4,'2018-03-21 12:41:23'),(544,11.95,30.52,16.06,1,1,'2018-03-17 23:05:45'),(545,18.49,25.34,37.89,1,3,'2018-04-02 09:39:23'),(546,22.93,36.23,18.87,0,3,'2018-03-25 03:42:31'),(547,29.59,38.94,19.91,0,1,'2018-03-23 07:04:20'),(548,14.14,28.42,19.06,0,3,'2018-03-24 22:16:50'),(549,11.67,24.3,31.22,1,4,'2018-03-16 06:23:42'),(550,6.41,25.73,17.06,0,3,'2018-03-28 11:20:23'),(551,28.17,23.32,34.64,1,3,'2018-03-27 03:04:46'),(552,9.73,29.76,27.48,1,1,'2018-03-27 03:40:40'),(553,28.69,24.46,25.79,0,3,'2018-03-21 07:35:19'),(554,0.19,17.87,31.11,0,3,'2018-03-19 22:03:06'),(555,10.8,19.88,34.83,0,3,'2018-03-16 10:50:51'),(556,13.27,33.75,24.49,1,3,'2018-03-23 06:16:16'),(557,20.6,20.95,35.19,0,1,'2018-03-19 19:01:55'),(558,6.4,35.16,22.25,0,5,'2018-03-20 14:06:21'),(559,26.26,22.84,19.99,1,4,'2018-03-21 08:52:15'),(560,13.52,32.29,25.49,1,5,'2018-03-22 08:54:55'),(561,21.78,31.84,30.43,1,5,'2018-03-24 23:36:41'),(562,3.95,26.17,17.97,0,1,'2018-04-02 17:53:36'),(563,16.21,29.41,23.86,0,4,'2018-03-19 20:23:47'),(564,11.18,31.77,35.42,1,1,'2018-03-30 00:47:33'),(565,0.26,36.72,34.69,0,3,'2018-03-21 10:42:47'),(566,25.68,24.6,32.92,1,5,'2018-04-02 20:13:45'),(567,12.43,38.54,34.41,0,3,'2018-03-23 04:47:37'),(568,8.13,22.05,26,1,2,'2018-03-31 06:47:50'),(569,23.45,37.23,28.18,0,2,'2018-03-24 11:28:09'),(570,2.71,36.18,33.66,0,2,'2018-03-30 07:46:19'),(571,17.88,28.08,16.29,0,4,'2018-03-19 23:33:57'),(572,21.52,21.01,34.01,0,3,'2018-03-21 04:13:03'),(573,11,20.08,35.88,0,5,'2018-03-26 17:56:27'),(574,24.82,24.22,24.18,0,3,'2018-03-22 07:47:39'),(575,3.01,26.41,33.54,1,1,'2018-03-24 21:32:38'),(576,30.44,19.73,20.5,1,2,'2018-03-25 19:58:47'),(577,6.82,31.5,22.42,0,1,'2018-04-02 08:16:06'),(578,11.88,36.86,16.24,1,3,'2018-03-15 11:26:21'),(579,12.28,27.29,19.22,0,3,'2018-03-21 11:34:27'),(580,19.44,16.45,26.36,1,2,'2018-03-27 02:57:57'),(581,19.21,32.72,18.5,1,2,'2018-03-26 16:49:42'),(582,28.6,26.93,25.34,0,3,'2018-03-23 03:07:35'),(583,9.85,38.43,26.57,0,4,'2018-03-23 22:43:12'),(584,7.71,32.31,21.6,1,4,'2018-03-17 10:55:55'),(585,2.49,16.89,22.55,0,2,'2018-03-21 05:52:38'),(586,26.16,21.77,32.74,0,5,'2018-03-26 19:59:09'),(587,7.97,25.3,21.04,0,5,'2018-03-24 08:48:00'),(588,23.42,21.58,16.84,0,1,'2018-03-20 02:30:24'),(589,25.6,38.32,34.01,1,3,'2018-03-30 06:41:01'),(590,12.43,35.25,21.79,0,5,'2018-03-15 23:54:37'),(591,20.51,25.65,26.13,1,3,'2018-03-26 16:27:17'),(592,25.57,38.5,35.59,1,2,'2018-03-20 19:23:23'),(593,14.72,22.12,17.41,1,3,'2018-04-01 12:33:44'),(594,8.9,37.75,17.96,1,2,'2018-03-27 05:02:51'),(595,7.6,36.29,19.89,0,5,'2018-03-19 18:13:24'),(596,11.46,28.13,22.58,1,4,'2018-04-02 19:30:27'),(597,25.49,21.96,28.19,0,5,'2018-03-23 20:12:36'),(598,13.02,19.76,28.17,0,3,'2018-03-21 06:08:51'),(599,5.68,33.78,19.49,0,2,'2018-03-18 17:06:00'),(600,15.08,18.55,34.76,0,4,'2018-03-19 18:37:17'),(601,27.43,24.57,18.42,0,3,'2018-03-22 15:54:56'),(602,17.96,22.87,19.92,0,2,'2018-04-02 14:02:06'),(603,22.26,22.27,30.02,1,4,'2018-03-29 02:38:54'),(604,21.35,34.43,33.85,1,1,'2018-03-17 01:34:55'),(605,10.71,27.5,23.56,1,2,'2018-03-17 04:57:52'),(606,16.36,38.79,31.05,1,5,'2018-03-17 17:15:37'),(607,25.51,29.86,38.57,1,3,'2018-03-19 19:10:39'),(608,29.46,28.72,23.35,1,5,'2018-03-15 21:46:56'),(609,9.31,29.75,29.96,1,3,'2018-03-26 14:50:38'),(610,6.46,18.93,36.1,1,2,'2018-03-23 03:51:58'),(611,17.68,24.79,26.19,0,5,'2018-03-20 10:09:03'),(612,3.78,21.03,19.47,1,3,'2018-03-27 10:46:48'),(613,10.05,30.32,29.6,0,4,'2018-04-02 01:06:31'),(614,15.23,23.26,21.17,0,3,'2018-03-21 19:16:49'),(615,23.28,20.25,34.53,0,3,'2018-03-28 12:03:55'),(616,16.38,29.68,38.91,0,1,'2018-03-15 10:14:33'),(617,9.75,39.07,35.56,0,3,'2018-03-30 20:10:46'),(618,22.8,35.37,26.16,0,2,'2018-03-19 12:20:26'),(619,22.32,21.96,26.42,0,2,'2018-03-31 10:41:10'),(620,30.17,35.61,26.45,1,3,'2018-03-25 06:05:28'),(621,30.18,17.33,38.35,1,3,'2018-03-25 09:49:34'),(622,25.38,34.93,28.33,1,5,'2018-03-27 10:27:43'),(623,28.72,32.8,16.14,0,2,'2018-04-01 05:20:33'),(624,7.11,38.27,20.03,1,3,'2018-03-19 07:06:31'),(625,10.91,34.39,31.47,1,5,'2018-03-28 07:40:20'),(626,10.82,31.77,30.37,1,1,'2018-03-17 09:51:47'),(627,21.91,17,29.33,0,4,'2018-03-24 03:31:46'),(628,24.43,30.25,24.11,1,2,'2018-03-30 23:23:14'),(629,12.56,19.5,36.41,1,5,'2018-03-21 04:50:05'),(630,23.73,25.74,19.09,0,2,'2018-04-02 15:44:41'),(631,4.85,35.49,20.05,0,2,'2018-03-28 22:11:25'),(632,10.24,21.09,20.79,1,5,'2018-03-16 01:44:10'),(633,18.09,32.24,20.16,1,3,'2018-03-17 05:46:26'),(634,6.73,38.08,21.93,0,2,'2018-03-20 20:19:21'),(635,28.59,30.8,18.15,1,3,'2018-03-18 04:42:21'),(636,21.57,22.39,18.95,1,2,'2018-03-19 12:12:18'),(637,18.18,19,32.93,1,1,'2018-03-27 13:45:18'),(638,6.42,23.7,16.03,1,3,'2018-04-02 07:10:23'),(639,28.81,39.48,28.89,0,4,'2018-03-31 12:25:35'),(640,13.58,16.71,35.24,0,4,'2018-03-29 12:36:46'),(641,30.08,38.32,36.28,0,2,'2018-03-25 23:46:58'),(642,17.17,34.81,16.3,1,4,'2018-03-16 20:13:56'),(643,28.98,30.21,30.91,1,3,'2018-03-29 03:56:21'),(644,4.93,33.1,38.02,0,2,'2018-03-19 15:32:46'),(645,25.54,27.6,32.87,1,1,'2018-03-24 14:58:36'),(646,12.76,25.45,39.22,0,2,'2018-03-31 01:50:27'),(647,0.18,32.97,18.76,1,1,'2018-03-16 04:36:50'),(648,9.86,34.86,20.83,1,1,'2018-03-24 11:11:36'),(649,18.3,26.64,39.53,0,3,'2018-03-23 14:42:23'),(650,18.67,17.76,17.25,1,3,'2018-03-18 06:00:45'),(651,28.69,31.66,26.33,1,4,'2018-03-17 00:00:50'),(652,22.12,33.18,39.59,1,2,'2018-03-21 05:49:31'),(653,24.27,24.48,33.89,1,5,'2018-04-01 02:24:26'),(654,1.31,25.82,28.23,0,3,'2018-03-16 07:27:50'),(655,17.6,24.78,31.47,1,3,'2018-03-29 17:03:14'),(656,30.04,30.35,21.71,0,3,'2018-03-30 19:19:58'),(657,2.2,39.71,19.5,1,5,'2018-04-01 15:12:08'),(658,19.06,24.23,36.12,1,1,'2018-03-17 13:40:45'),(659,22.76,36.81,35.32,1,3,'2018-03-22 14:13:52'),(660,4.68,38.48,16.99,1,2,'2018-03-26 05:24:26'),(661,28.08,37.09,34.66,0,3,'2018-03-23 17:21:05'),(662,25.57,22.29,27.05,1,5,'2018-03-27 01:46:23'),(663,6.97,36.87,20.67,1,2,'2018-03-30 13:03:39'),(664,7.68,39.44,23.5,1,1,'2018-03-27 05:52:03'),(665,11.44,31.64,17.64,1,4,'2018-04-01 19:10:57'),(666,3.47,26.42,19.28,0,5,'2018-03-17 04:45:08'),(667,9.41,23.17,29.93,0,5,'2018-03-15 09:40:48'),(668,11.56,32.41,30.43,1,2,'2018-03-17 22:16:23'),(669,8.88,17.94,36.71,0,5,'2018-03-31 00:22:05'),(670,5.66,18.31,38.65,0,2,'2018-03-17 00:22:32'),(671,27.01,34.39,38.12,1,1,'2018-03-20 22:58:40'),(672,5.26,21.38,23.48,0,4,'2018-03-19 06:15:32'),(673,19.31,29.07,18.19,0,5,'2018-03-16 19:18:53'),(674,10.13,37.32,25.05,1,4,'2018-03-30 10:52:55'),(675,17.5,33.61,29.37,0,2,'2018-03-17 07:40:03'),(676,4.37,31.72,28.77,0,5,'2018-03-20 21:19:44'),(677,15.49,24.09,34.54,0,2,'2018-03-19 17:09:06'),(678,22.88,27.59,34.67,0,3,'2018-03-22 12:47:21'),(679,21.71,34.63,24.7,0,4,'2018-03-26 03:19:42'),(680,2.62,16.14,17.78,1,1,'2018-04-02 09:19:56'),(681,27.64,25.81,27.39,1,1,'2018-03-27 05:21:16'),(682,0.12,21.47,21.58,1,1,'2018-03-31 05:53:19'),(683,26.65,30.88,34,1,4,'2018-03-29 05:06:00'),(684,19.33,27.81,37.19,1,3,'2018-03-29 22:51:34'),(685,26.28,32.43,17.92,1,1,'2018-03-28 04:22:29'),(686,5.24,28.04,39.03,0,1,'2018-03-23 13:18:30'),(687,25.69,26.12,23.26,1,2,'2018-03-17 22:09:56'),(688,4.28,29.35,37.5,0,1,'2018-03-31 14:23:06'),(689,9.15,31.95,28.19,1,5,'2018-03-25 15:00:01'),(690,23.67,17.11,31.85,0,5,'2018-03-16 03:50:55'),(691,21.09,34.8,24.82,0,5,'2018-03-31 17:16:31'),(692,0.4,26.56,31.54,0,4,'2018-03-24 09:59:45'),(693,28.8,37.69,32.45,1,3,'2018-03-30 19:49:39'),(694,11.81,22.13,39.97,1,2,'2018-04-01 00:56:59'),(695,9.16,20.51,16.1,0,5,'2018-03-27 12:15:03'),(696,24.27,30.19,26.92,0,2,'2018-03-24 22:38:59'),(697,19.25,30.84,24.18,0,2,'2018-03-17 11:58:30'),(698,23.53,39.25,26.88,0,2,'2018-03-16 04:02:13'),(699,20.01,25.88,17.93,1,3,'2018-03-28 11:25:52'),(700,18.41,29.02,20.34,0,4,'2018-03-21 04:54:04'),(701,9.31,27.11,34.27,0,4,'2018-03-25 10:03:58'),(702,2.72,30.01,18.46,0,4,'2018-03-17 19:32:50'),(703,19.2,21.46,27.62,1,5,'2018-03-21 18:20:29'),(704,26.15,39.84,20.45,1,2,'2018-03-18 14:09:25'),(705,4.73,23.07,31.88,1,5,'2018-03-23 03:15:41'),(706,29.24,19.27,30.37,0,1,'2018-03-28 09:55:26'),(707,30.15,17.06,22.3,0,1,'2018-03-16 02:32:04'),(708,24.52,36.95,22.49,1,1,'2018-03-21 03:26:25'),(709,13.66,33.09,20.57,0,2,'2018-03-31 22:20:19'),(710,10.96,24.4,28.21,1,4,'2018-03-26 02:21:27'),(711,4.15,34.32,17.48,0,3,'2018-03-15 20:14:07'),(712,19.93,24.21,28.13,1,5,'2018-03-30 16:55:10'),(713,13.79,29.69,20.75,0,5,'2018-03-23 12:35:38'),(714,19.74,23.88,24.64,0,4,'2018-03-15 09:56:53'),(715,17.29,37.29,30.82,0,2,'2018-03-20 04:28:56'),(716,28.35,23.09,31.97,1,2,'2018-03-22 08:58:13'),(717,6.25,16.21,39.05,1,1,'2018-03-21 12:47:16'),(718,28.96,24.2,35.43,0,2,'2018-03-15 03:08:30'),(719,24.53,25.02,17.93,1,5,'2018-04-01 15:38:01'),(720,4.21,18.69,30.05,1,2,'2018-03-21 16:33:02'),(721,2.31,17.1,21.13,0,5,'2018-03-21 01:57:28'),(722,12.78,31.11,22.45,0,5,'2018-03-28 23:51:02'),(723,18.67,37.85,19.84,1,5,'2018-03-26 03:56:28'),(724,2.63,16.09,19.7,1,2,'2018-03-26 08:46:12'),(725,15.94,22.05,25.59,0,2,'2018-03-25 05:10:16'),(726,23.24,18.08,32.39,0,5,'2018-03-20 18:40:48'),(727,14.48,25.48,18.37,1,4,'2018-03-17 00:02:56'),(728,14.82,26.92,21.97,1,1,'2018-03-24 04:06:53'),(729,27.52,27.59,27.57,0,4,'2018-03-30 18:22:38'),(730,1.78,20.73,26.49,1,4,'2018-03-31 02:33:17'),(731,12.28,24.04,26.19,1,2,'2018-03-30 11:27:57'),(732,6.92,28.23,23.16,1,2,'2018-03-16 19:03:47'),(733,10.87,26.26,38.92,0,5,'2018-03-21 17:58:38'),(734,24.04,30.68,19.74,1,2,'2018-03-19 14:43:38'),(735,25.73,24.94,25.38,0,1,'2018-03-25 07:55:25'),(736,9.57,37.72,34.25,1,3,'2018-03-23 05:30:35'),(737,27.2,36.88,38.02,1,4,'2018-03-26 10:25:38'),(738,18.33,31.22,32.02,1,2,'2018-03-24 17:22:41'),(739,13.14,22.56,23.9,0,3,'2018-03-28 13:49:33'),(740,14.94,30.42,37.1,1,2,'2018-03-16 18:34:23'),(741,4.14,37.22,25.37,1,2,'2018-03-16 03:20:14'),(742,8.77,26.18,27.69,1,4,'2018-03-18 14:40:17'),(743,22.36,20.95,27.13,0,5,'2018-03-31 20:03:41'),(744,9.25,35.38,17.53,0,1,'2018-03-24 06:33:27'),(745,0.57,18.98,21.42,1,1,'2018-03-31 21:27:16'),(746,5.79,26.82,36.87,1,2,'2018-03-20 23:03:48'),(747,11.69,19.33,31.9,1,4,'2018-03-18 09:56:57'),(748,28.22,32.5,38.73,0,1,'2018-03-30 21:28:23'),(749,0.96,30.9,23.76,0,1,'2018-03-18 09:06:04'),(750,17.19,39.62,38.91,1,1,'2018-03-29 04:51:20'),(751,17.94,33.56,21.13,0,5,'2018-04-02 19:51:20'),(752,25.57,36.42,30.36,1,2,'2018-03-31 19:14:14'),(753,11.85,35.87,22.35,0,3,'2018-03-28 20:10:52'),(754,21.59,21.28,38.29,0,5,'2018-03-29 03:48:28'),(755,13.55,38.32,28.23,0,5,'2018-04-01 17:10:04'),(756,9.4,34.1,31.41,0,4,'2018-03-22 07:10:17'),(757,23.54,30.3,30.96,1,3,'2018-03-25 21:31:45'),(758,6.03,24.08,37.61,1,1,'2018-03-20 03:50:55'),(759,11.42,17.53,27.49,1,4,'2018-03-27 14:08:03'),(760,5,31.46,37.57,1,1,'2018-04-02 21:42:31'),(761,17.28,18.92,30.76,1,1,'2018-03-29 14:25:03'),(762,4.78,24.25,28.62,1,5,'2018-03-26 15:45:31'),(763,3.05,27.4,38.22,0,2,'2018-03-21 10:23:56'),(764,10.29,23.33,31.81,0,5,'2018-04-01 13:41:42'),(765,17.86,23.22,31.36,0,3,'2018-04-01 21:06:30'),(766,16.56,25.51,22.28,0,1,'2018-03-27 06:10:29'),(767,24.81,34.66,16.41,1,1,'2018-03-27 03:00:48'),(768,20.96,30.95,36.87,1,5,'2018-03-28 19:41:42'),(769,22.59,24.22,38.51,1,5,'2018-04-02 01:50:57'),(770,14.63,16.64,32.69,1,5,'2018-03-16 08:13:45'),(771,4.03,29.29,20.21,1,5,'2018-03-20 07:38:05'),(772,9.39,17.37,37.06,1,4,'2018-03-21 01:32:23'),(773,6.99,39.37,29.41,0,1,'2018-03-29 09:12:23'),(774,16.49,37.05,16.16,1,4,'2018-03-28 00:57:36'),(775,24.02,22.14,39.59,1,5,'2018-03-31 13:55:22'),(776,13.21,28.72,38.76,0,5,'2018-03-31 05:22:21'),(777,16.95,25.55,31.45,0,4,'2018-03-21 06:55:52'),(778,23.56,36.17,23.39,0,4,'2018-03-25 10:56:27'),(779,15.88,21.01,20.64,1,2,'2018-03-27 09:29:17'),(780,23.35,39.7,32.85,1,1,'2018-03-20 21:19:42'),(781,18.71,17.38,24.65,0,5,'2018-03-25 04:36:02'),(782,26.65,25.35,31.48,0,3,'2018-03-24 04:02:58'),(783,12.36,25.4,26.48,0,5,'2018-03-26 04:08:40'),(784,10.23,18.63,20.55,1,3,'2018-03-24 03:21:15'),(785,29.94,35.46,36.43,0,2,'2018-03-22 07:58:06'),(786,3.66,36.71,16.76,0,5,'2018-03-22 13:24:10'),(787,0.3,23.46,35.78,1,1,'2018-03-30 08:15:38'),(788,25.49,39.29,31.05,0,1,'2018-03-16 18:40:59'),(789,22.47,33.18,29.63,1,4,'2018-03-26 15:49:33'),(790,16.37,35.85,20.19,1,1,'2018-03-28 13:01:10'),(791,6.88,33.86,31.77,0,3,'2018-03-22 17:27:56'),(792,22.31,36.53,29.81,1,3,'2018-03-25 16:50:38'),(793,11.98,31.46,23.27,1,5,'2018-03-15 21:20:11'),(794,7.56,16.34,35.71,1,3,'2018-03-21 00:27:07'),(795,17.16,17.45,26.5,1,4,'2018-03-18 23:30:56'),(796,16.22,35.09,32.92,1,2,'2018-04-02 17:42:41'),(797,6.93,37.79,17.61,0,1,'2018-03-18 15:51:33'),(798,7.7,34.23,27.76,1,4,'2018-03-31 06:18:39'),(799,8.61,31.52,25.34,0,4,'2018-03-27 16:17:47'),(800,26.09,33.74,33.61,1,3,'2018-03-26 04:54:56'),(801,12.16,27.47,37.72,0,5,'2018-03-30 12:08:04'),(802,29.72,25.09,18.18,1,5,'2018-03-22 11:28:04'),(803,28.45,36.62,20.82,1,1,'2018-03-28 00:36:39'),(804,5.09,29.33,16.32,1,2,'2018-03-20 21:17:04'),(805,29.93,16.81,38.4,0,1,'2018-03-30 15:47:11'),(806,25.32,29.17,17.92,0,2,'2018-03-18 13:31:22'),(807,4.58,31.31,33.61,1,5,'2018-04-02 11:54:20'),(808,24.16,17.83,29.25,0,2,'2018-03-27 20:03:22'),(809,12.98,27.21,38.97,0,1,'2018-03-22 12:25:31'),(810,23.38,22.01,31.05,1,4,'2018-03-20 11:04:18'),(811,5.89,26.64,22.99,0,4,'2018-03-15 00:34:33'),(812,5.42,26.18,25.78,1,2,'2018-03-19 11:41:07'),(813,19.41,17.55,17.99,0,3,'2018-03-15 13:44:04'),(814,5.49,38.45,30.84,1,2,'2018-03-25 13:02:57'),(815,25.07,35.65,33.95,0,4,'2018-03-19 01:29:23'),(816,10.84,38.25,26.32,1,2,'2018-03-21 20:52:05'),(817,28.91,33.64,17.27,0,5,'2018-03-27 02:00:04'),(818,7.13,19.13,35.67,0,1,'2018-03-25 04:01:41'),(819,7.7,23.6,31.32,0,5,'2018-03-24 01:59:11'),(820,24.29,26.56,19.39,1,1,'2018-03-16 16:12:54'),(821,12.06,27.8,28.61,0,4,'2018-03-30 17:31:44'),(822,24.44,39.5,31.6,1,5,'2018-03-19 16:21:59'),(823,17.76,25.3,28.71,1,5,'2018-03-16 02:25:05'),(824,1.43,18.49,27.22,1,4,'2018-03-22 18:13:38'),(825,6.85,24.44,17.8,1,1,'2018-03-22 19:40:04'),(826,20,21.72,17.32,0,2,'2018-04-02 12:24:00'),(827,16.33,19.78,33.65,1,5,'2018-03-30 02:09:58'),(828,28.2,30.64,30.85,0,3,'2018-03-22 23:37:34'),(829,10.58,18.25,20.83,1,2,'2018-03-25 18:31:07'),(830,16.96,27.71,28.71,1,5,'2018-03-20 14:06:05'),(831,18.07,25.18,30.96,0,1,'2018-03-18 21:10:24'),(832,0.01,38.15,17.16,0,2,'2018-03-25 02:41:02'),(833,20.72,23.89,21.09,0,4,'2018-03-21 21:26:01'),(834,10.66,29.52,18.91,0,2,'2018-03-22 08:21:26'),(835,26.01,32.8,34.24,0,2,'2018-03-24 03:31:34'),(836,24.63,27.58,26.45,1,5,'2018-03-16 00:33:47'),(837,16.12,19.05,21.03,0,2,'2018-04-02 06:16:49'),(838,20.57,17.22,31.02,1,1,'2018-03-24 16:59:21'),(839,24.84,38.74,24.87,0,5,'2018-03-24 02:57:21'),(840,4.44,16.07,31.69,0,1,'2018-03-24 08:35:15'),(841,16.23,23.62,16.33,1,5,'2018-03-22 09:34:08'),(842,1.83,35.36,33.35,1,4,'2018-03-21 20:42:06'),(843,4.81,39.93,35.21,0,1,'2018-03-29 00:44:28'),(844,14.52,23.87,34.94,1,5,'2018-04-02 05:52:07'),(845,26.15,21.77,29.39,0,1,'2018-03-28 21:21:02'),(846,8.28,39.85,28.07,1,1,'2018-03-22 02:29:09'),(847,1.05,29.28,38.13,1,5,'2018-03-21 06:53:30'),(848,13.5,30.41,18.53,0,1,'2018-03-16 16:12:28'),(849,20.3,30.2,38.97,0,5,'2018-03-22 05:07:36'),(850,0.88,37.74,29.05,0,4,'2018-03-19 09:40:13'),(851,18.97,32.78,26.27,1,5,'2018-04-01 04:48:38'),(852,12.68,20.58,31.9,1,5,'2018-03-19 20:06:55'),(853,23.85,33.64,22.57,1,3,'2018-03-19 17:35:22'),(854,4.64,21.38,25.83,1,1,'2018-03-26 07:26:43'),(855,8.85,22.43,17.99,1,5,'2018-03-17 13:44:18'),(856,3.24,25.59,39.65,1,5,'2018-03-22 15:04:41'),(857,29.84,36.92,16.87,0,2,'2018-03-28 00:47:53'),(858,19.01,34.18,33.82,1,5,'2018-03-17 19:38:02'),(859,17.22,19.03,32.66,1,1,'2018-03-29 07:39:59'),(860,13.11,17.17,33.91,0,5,'2018-03-30 04:50:46'),(861,16.35,20.58,32.46,0,2,'2018-03-30 02:58:25'),(862,13.68,32.83,37.98,0,5,'2018-03-27 01:49:14'),(863,1.67,30.54,27.42,1,1,'2018-03-27 23:48:51'),(864,16.42,34.61,32.77,0,2,'2018-03-22 21:29:01'),(865,4.14,36.48,34.55,1,4,'2018-03-18 03:56:27'),(866,30.46,26.7,35.7,0,4,'2018-03-31 05:41:08'),(867,15.03,28.85,36.91,1,2,'2018-04-02 04:28:13'),(868,17.26,26.67,20.01,0,1,'2018-04-02 10:59:07'),(869,21.53,25.16,24.7,1,3,'2018-03-17 11:17:01'),(870,29.92,35.37,19.6,1,2,'2018-03-26 06:48:15'),(871,6.8,32.23,25.85,0,2,'2018-03-27 23:53:47'),(872,12.07,23.6,37.24,0,1,'2018-03-28 17:22:35'),(873,18.46,31.61,38.2,0,3,'2018-03-19 01:01:08'),(874,7.3,16.94,21.59,1,1,'2018-03-28 01:55:53'),(875,1.18,35.66,17.15,0,5,'2018-03-28 14:22:34'),(876,22.16,34.7,16.36,1,5,'2018-03-20 15:22:37'),(877,16.73,19.68,35.64,0,4,'2018-03-25 23:39:50'),(878,24.01,29.33,37.5,0,5,'2018-03-23 11:05:56'),(879,26.86,38.39,22.75,1,1,'2018-03-29 19:56:08'),(880,19.78,17.95,30.35,0,3,'2018-03-23 23:02:18'),(881,14.25,16.41,35.79,0,1,'2018-03-19 01:58:40'),(882,17.23,21.46,33.76,0,5,'2018-03-26 20:32:33'),(883,5.5,25.37,18.76,0,2,'2018-03-28 22:40:25'),(884,16.27,37.59,22.33,1,1,'2018-03-26 18:15:21'),(885,29.77,33.99,26.15,1,2,'2018-03-24 22:49:24'),(886,11.96,36.53,21.89,0,5,'2018-03-27 16:54:22'),(887,8.48,19.91,17.76,1,3,'2018-03-28 02:52:38'),(888,0.97,26.44,25.7,1,2,'2018-03-30 00:37:02'),(889,20.01,19.5,39.34,1,2,'2018-03-30 08:10:41'),(890,28.45,17.49,22.14,1,4,'2018-03-27 15:48:43'),(891,25.77,18.45,39.35,0,5,'2018-04-02 10:33:44'),(892,16.42,32.35,28.15,0,2,'2018-04-01 11:07:22'),(893,8.65,19.04,37.79,0,1,'2018-03-16 05:08:26'),(894,18.51,39.93,31.8,1,4,'2018-03-28 13:25:32'),(895,22.99,21.55,33.42,0,3,'2018-04-02 11:58:06'),(896,29.32,22.87,35.12,0,5,'2018-03-22 13:31:23'),(897,28.96,39.23,16.9,0,4,'2018-03-19 14:51:46'),(898,4.3,24.37,25.65,1,4,'2018-03-28 19:46:20'),(899,27.35,17.77,29.52,0,5,'2018-03-19 12:43:00'),(900,20.14,27.07,37.75,0,2,'2018-03-23 14:15:24'),(901,30.43,24.21,22.04,0,3,'2018-03-22 13:49:58'),(902,20.16,27.53,17.52,1,3,'2018-03-26 10:07:40'),(903,5.38,39.09,34.36,1,1,'2018-03-25 09:59:02'),(904,11.06,16.84,25.56,0,3,'2018-03-20 19:44:56'),(905,16.7,36.22,25.8,1,4,'2018-03-26 13:08:42'),(906,0.12,33.26,32.17,0,1,'2018-03-30 23:48:42'),(907,1.93,16.04,17.99,0,5,'2018-03-24 20:42:28'),(908,25.66,27.79,18.51,0,3,'2018-03-26 18:57:04'),(909,29.49,23.87,35.12,1,4,'2018-03-31 15:03:12'),(910,18.57,27.28,39.41,1,5,'2018-03-23 09:25:36'),(911,22.12,35.11,34.05,1,2,'2018-03-21 09:41:30'),(912,18.58,31.96,18.34,1,5,'2018-03-16 03:16:24'),(913,1.18,30.26,25.41,1,2,'2018-03-28 04:35:12'),(914,11.37,39.71,33.76,1,5,'2018-03-28 14:27:32'),(915,9.61,21.24,31.98,0,2,'2018-03-22 20:58:23'),(916,15.27,20.79,29.93,1,3,'2018-03-28 13:25:45'),(917,6.32,33.03,27.69,1,1,'2018-03-30 22:18:02'),(918,15.42,17.72,30.86,1,5,'2018-03-24 22:18:31'),(919,24.8,38.77,26.62,1,4,'2018-04-02 06:18:23'),(920,20.65,33.33,30.39,0,3,'2018-03-18 00:44:23'),(921,10.1,20.63,33.71,1,4,'2018-03-24 00:42:59'),(922,7.85,33.67,28.61,1,2,'2018-03-20 23:32:27'),(923,18.17,20.61,23.81,0,5,'2018-03-15 00:26:00'),(924,20.51,17.7,36.54,0,1,'2018-03-30 22:24:16'),(925,9.68,37.81,24.22,1,5,'2018-03-27 09:24:46'),(926,8.69,21.65,36.63,1,5,'2018-03-26 08:54:18'),(927,17.04,29.4,32.97,1,4,'2018-03-17 00:53:36'),(928,11.12,22.31,24.34,1,1,'2018-03-24 00:23:17'),(929,7.4,33.17,27.14,0,1,'2018-03-20 03:57:56'),(930,3.69,28.43,34.31,1,2,'2018-03-15 04:49:11'),(931,1.2,33.77,35.24,1,3,'2018-03-31 10:23:52'),(932,24.1,35.73,24.6,0,4,'2018-03-15 10:14:41'),(933,2.97,31.72,38.2,0,3,'2018-03-29 04:57:40'),(934,20.49,21.25,29.76,1,3,'2018-03-26 05:25:43'),(935,18.58,20.72,39.27,0,3,'2018-03-28 07:02:22'),(936,4.51,39.71,16.81,1,1,'2018-03-15 10:04:38'),(937,8.89,16.44,33.85,0,3,'2018-03-30 00:22:43'),(938,8.81,32.5,35.75,1,3,'2018-03-23 15:53:44'),(939,21.62,17.42,24.99,0,4,'2018-03-28 00:03:05'),(940,20.33,16.95,17.81,1,2,'2018-03-26 15:38:11'),(941,27.28,19.94,33.02,1,1,'2018-03-16 01:15:26'),(942,15.23,26.74,34.1,1,2,'2018-03-18 16:24:14'),(943,25.77,33.09,30.25,1,5,'2018-03-18 22:21:41'),(944,17.47,37.68,30.37,1,2,'2018-04-02 03:23:18'),(945,27.87,20.43,30,1,2,'2018-03-16 06:34:05'),(946,19.1,16.84,31.66,0,3,'2018-04-02 23:51:28'),(947,11.99,34.99,19.04,1,1,'2018-03-28 01:56:57'),(948,30.27,37.45,34.53,1,3,'2018-03-20 20:58:09'),(949,27.52,23.72,31.58,0,3,'2018-03-16 05:40:39'),(950,22.76,24.91,27.88,1,5,'2018-03-26 01:22:44'),(951,27.65,18.14,23.06,0,2,'2018-03-18 14:30:30'),(952,1.4,28.54,24.99,0,1,'2018-03-22 03:40:47'),(953,30.15,18.61,37.73,0,2,'2018-03-17 12:44:17'),(954,8.16,30.86,24.17,0,2,'2018-03-15 03:41:06'),(955,5.76,39.97,23.37,0,5,'2018-03-23 07:10:26'),(956,3.98,29.12,29.71,1,5,'2018-03-20 15:39:09'),(957,19.66,17.11,27.91,0,5,'2018-03-17 04:14:13'),(958,14.08,33.83,38.28,0,1,'2018-03-26 21:21:50'),(959,26.6,21.89,30.31,1,2,'2018-03-26 20:39:09'),(960,21.38,35.67,28.76,1,5,'2018-04-02 11:56:28'),(961,29.05,35.25,37.05,1,3,'2018-03-26 11:40:25'),(962,2.59,22.57,33.13,0,4,'2018-03-28 13:23:55'),(963,27.12,30.68,18.49,1,2,'2018-03-27 09:03:51'),(964,12.44,23.5,22.51,0,1,'2018-03-21 17:41:47'),(965,23.31,33.65,21.84,1,2,'2018-03-16 11:40:11'),(966,21.59,31.11,27.5,0,2,'2018-03-23 17:36:14'),(967,8.04,22.09,29.05,0,3,'2018-03-23 14:25:32'),(968,28.91,37.64,25.25,1,3,'2018-03-21 15:47:42'),(969,28.52,35.5,17.27,1,2,'2018-03-20 03:46:51'),(970,28.4,20.09,31.53,1,3,'2018-03-27 17:07:42'),(971,28.2,36.18,33.9,1,1,'2018-03-20 20:18:20'),(972,15.18,26.2,33.15,0,3,'2018-03-17 19:05:07'),(973,28.96,38.38,29.3,0,1,'2018-04-01 01:21:07'),(974,28.91,36.12,36.41,1,2,'2018-03-28 22:07:37'),(975,15.17,38.87,38.22,1,3,'2018-03-25 09:39:46'),(976,10.71,27.73,25.38,1,5,'2018-03-18 06:38:44'),(977,13.13,19.4,32.26,0,1,'2018-03-18 05:08:12'),(978,30.15,29.39,21.07,1,1,'2018-03-21 11:58:22'),(979,6.29,24.36,25.45,0,2,'2018-03-30 08:56:39'),(980,27.51,23.8,26.39,1,3,'2018-03-24 21:50:02'),(981,6.47,33.95,32.26,1,1,'2018-03-31 16:19:30'),(982,23.09,23.75,16.43,1,4,'2018-03-27 04:18:22'),(983,0.3,23.87,35.43,1,4,'2018-04-02 20:11:49'),(984,16.19,34.04,34.53,1,4,'2018-03-29 06:07:07'),(985,30.24,18.44,31.31,0,5,'2018-03-19 19:27:20'),(986,9.11,21.42,25.86,1,1,'2018-04-01 05:04:07'),(987,15.57,35.53,28.75,0,2,'2018-03-16 22:32:53'),(988,26.77,20.52,31.53,0,3,'2018-03-24 05:02:48'),(989,24.34,31.14,38.98,1,4,'2018-03-27 06:45:02'),(990,5.23,29.91,39.78,1,1,'2018-03-15 16:08:34'),(991,8.5,19.2,30.41,1,2,'2018-03-21 12:39:21'),(992,12.4,32.55,23.45,1,1,'2018-03-18 11:39:21'),(993,15.35,26.59,35.45,1,3,'2018-03-20 12:18:28'),(994,10.27,29.05,39.31,0,2,'2018-03-16 20:12:00'),(995,29.14,36.58,19.51,1,2,'2018-03-17 21:11:14'),(996,14.59,22.17,20.3,0,3,'2018-03-28 11:15:56'),(997,2.28,20.34,23.7,1,4,'2018-03-25 00:28:26'),(998,12.39,16.52,18.69,1,4,'2018-04-02 06:58:24'),(999,8.39,18.52,34.02,0,4,'2018-03-19 04:15:43'),(1000,11.52,18.51,35.46,0,5,'2018-03-24 13:40:47'),(1001,0,23.45,71.1,0,1,'2018-04-08 11:50:08');
/*!40000 ALTER TABLE `sensor_data` ENABLE KEYS */;
UNLOCK TABLES;

--
-- Final view structure for view `hours`
--

/*!50001 DROP VIEW IF EXISTS `hours`*/;
/*!50001 SET @saved_cs_client          = @@character_set_client */;
/*!50001 SET @saved_cs_results         = @@character_set_results */;
/*!50001 SET @saved_col_connection     = @@collation_connection */;
/*!50001 SET character_set_client      = utf8 */;
/*!50001 SET character_set_results     = utf8 */;
/*!50001 SET collation_connection      = utf8_general_ci */;
/*!50001 CREATE ALGORITHM=UNDEFINED */
/*!50013 DEFINER=`root`@`localhost` SQL SECURITY DEFINER */
/*!50001 VIEW `hours` AS select cast(`sd`.`data_timestamp` as date) AS `d`,hour(`sd`.`data_timestamp`) AS `h`,count(0) AS `c` from `sensor_data` `sd` group by cast(`sd`.`data_timestamp` as date),hour(`sd`.`data_timestamp`) */;
/*!50001 SET character_set_client      = @saved_cs_client */;
/*!50001 SET character_set_results     = @saved_cs_results */;
/*!50001 SET collation_connection      = @saved_col_connection */;
/*!40103 SET TIME_ZONE=@OLD_TIME_ZONE */;

/*!40101 SET SQL_MODE=@OLD_SQL_MODE */;
/*!40014 SET FOREIGN_KEY_CHECKS=@OLD_FOREIGN_KEY_CHECKS */;
/*!40014 SET UNIQUE_CHECKS=@OLD_UNIQUE_CHECKS */;
/*!40101 SET CHARACTER_SET_CLIENT=@OLD_CHARACTER_SET_CLIENT */;
/*!40101 SET CHARACTER_SET_RESULTS=@OLD_CHARACTER_SET_RESULTS */;
/*!40101 SET COLLATION_CONNECTION=@OLD_COLLATION_CONNECTION */;
/*!40111 SET SQL_NOTES=@OLD_SQL_NOTES */;

-- Dump completed on 2018-04-14 17:41:36
